epoch,lr,step,train/loss
0,0.0,0,0.3539139926433563
0,1.4142136024020147e-05,1,0.5245767831802368
0,2.8284272048040293e-05,2,0.40078815817832947
0,4.242640716256574e-05,3,0.5487985014915466
