epoch,lr,step,train/loss
0,0.0,0,0.3539139926433563
0,1.4142136024020147e-05,1,0.5245767831802368
0,2.8284272048040293e-05,2,0.4008295238018036
0,4.242640716256574e-05,3,0.5491141080856323
0,5.6568544096080586e-05,4,0.38832905888557434
0,7.071068102959543e-05,5,0.5795723795890808
0,8.485281432513148e-05,6,0.44714707136154175
0,9.899494762066752e-05,7,0.4437617063522339
0,0.00011313708819216117,8,0.2458200305700302
0,0.0001272792142117396,9,0.38099128007888794
